{"cameraMode":{"drawMode":0,"name":"Shaded","section":"Shading Mode"},"sceneLighting":false,"audioPlay":false,"sceneViewState":{"showFog":true,"showMaterialUpdate":false,"showSkybox":false,"showFlares":true,"showImageEffects":true,"showParticleSystems":true},"in2DMode":false,"pivot":{"x":-0.012248300015926361,"y":-0.017057672142982484,"z":0.008572638034820557},"rotation":{"x":-0.02145295776426792,"y":0.9531594514846802,"z":0.06990979611873627,"w":0.2936018109321594},"size":2.841892957687378,"orthographic":false}