{"cameraMode":{"drawMode":0,"name":"Shaded","section":"Shading Mode"},"sceneLighting":false,"audioPlay":false,"sceneViewState":{"showFog":true,"showMaterialUpdate":false,"showSkybox":false,"showFlares":true,"showImageEffects":true,"showParticleSystems":true},"in2DMode":false,"pivot":{"x":-0.019287109375,"y":0.23923492431640626,"z":0.05279541015625},"rotation":{"x":0.02254127897322178,"y":0.9017966985702515,"z":-0.04738788306713104,"w":0.4289632737636566},"size":0.14093008637428285,"orthographic":true}