{"cameraMode":{"drawMode":0,"name":"Shaded","section":"Shading Mode"},"sceneLighting":false,"audioPlay":false,"sceneViewState":{"showFog":true,"showMaterialUpdate":false,"showSkybox":false,"showFlares":true,"showImageEffects":true,"showParticleSystems":true},"in2DMode":false,"pivot":{"x":3.240000009536743,"y":7.598996162414551,"z":0.034443020820617679},"rotation":{"x":0.3761756122112274,"y":0.5549103617668152,"z":-0.30954381823539736,"w":0.6744214296340942},"size":1.0774171352386475,"orthographic":false}